<?xml version="1.0" ?>

<container xmlns="http://symfony.com/schema/dic/services"
           xmlns:xsi="http://www.w3.org/2001/XMLSchema-instance"
           xsi:schemaLocation="http://symfony.com/schema/dic/services http://symfony.com/schema/dic/services/services-1.0.xsd">
    <services>
        <service id="Cogi\CogiSurvey\Core\Content\Survey\SurveyDefinition">
            <tag name="shopware.entity.definition" entity="cogi_survey" />
        </service>
        <service id="Cogi\CogiSurvey\Core\Content\Survey\Aggregate\SurveyTranslation\SurveyTranslationDefinition">
            <tag name="shopware.entity.definition" entity="cogi_survey_translation" />
        </service>
        <service id="Cogi\CogiSurvey\Core\Content\SurveyAnswer\SurveyAnswerDefinition">
            <tag name="shopware.entity.definition" entity="cogi_survey_answer" />
        </service>
        <service id="Cogi\CogiSurvey\Core\Content\SurveyAnswer\Aggregate\SurveyAnswerTranslation\SurveyAnswerTranslationDefinition">
            <tag name="shopware.entity.definition" entity="cogi_survey_answer_translation" />
        </service>
        <service id="Cogi\CogiSurvey\Subscriber\SurveySubscriber">
            <tag name="kernel.event_subscriber"/>
            <argument type="service" id="cogi_survey.repository"/>
        </service>

        <service id="Cogi\CogiSurvey\Storefront\Controller\SurveyController" public="true">
            <argument id="cogi_survey.repository" type="service" />
            <argument id="order_customer.repository" type="service" />
            <argument id="order.repository" type="service" />
            <argument id="cogi_survey_answer.repository" type="service" />
            <argument id="Cogi\CogiSurvey\Service\SurveyProcessor" type="service" />
            <call method="setContainer">
                <argument type="service" id="service_container"/>
            </call>
        </service>

        <service id="Cogi\CogiSurvey\Service\SurveyProcessor">
            <argument type="service" id="Shopware\Core\Content\Mail\Service\MailService" />
            <argument type="service" id="mail_template.repository" />
            <argument type="service" id="salutation.repository" />
            <argument type="service" id="sales_channel.repository" />
        </service>

        <service id="Cogi\CogiSurvey\Resources\snippet\en_GB\SnippetFile_en_GB">
            <tag name="shopware.snippet.file" priority="100"/>
        </service>
        <service id="Cogi\CogiSurvey\Resources\snippet\de_DE\SnippetFile_de_DE">
            <tag name="shopware.snippet.file" priority="100"/>
        </service>

    </services>
</container>