<?xml version="1.0" ?>

<container xmlns="http://symfony.com/schema/dic/services"
           xmlns:xsi="http://www.w3.org/2001/XMLSchema-instance"
           xsi:schemaLocation="http://symfony.com/schema/dic/services http://symfony.com/schema/dic/services/services-1.0.xsd">

    <services>
        <service id="BstSoldOutBadge6\Storefront\Subscriber\Navigation">
            <argument type="service" id="product.repository"/>
            <argument type="service" id="Shopware\Core\System\SystemConfig\SystemConfigService"/>
            <argument type="service" id="Doctrine\DBAL\Connection"/>
            <argument type="service" id="Shopware\Core\Framework\Adapter\Translation\Translator"/>
            <argument type="service" id="BstSoldOutBadge6\Util\Logger"/>
            <tag name="kernel.event_subscriber"/>
        </service>

        <service id="BstSoldOutBadge6\Resources\snippet\de_DE\SnippetFile_de_DE">
            <tag name="shopware.snippet.file" />
        </service>
        <service id="BstSoldOutBadge6\Resources\snippet\en_GB\SnippetFile_en_GB">
            <tag name="shopware.snippet.file" />
        </service>

        <service id="BstSoldOutBadge6\Util\Logger" class="Monolog\Logger">
            <factory service="Shopware\Core\Framework\Log\LoggerFactory" method="createRotating"/>
            <argument type="string">bst_sold_out_badge6</argument>
        </service>
    </services>
</container>
