{
    "dreiscSeoDataSeoTab": {
        "cards": {
            "meta": "Meta-Tags",
            "serp": "SERP Vorschau"
        },
        "general": {
            "navigation": {
                "label": "SEO Professional Tabs"
            }
        },
        "seoForm": {
            "chars": "Zeichen",
            "pixel": "Pixel",
            "fields": {
                "label": {
                    "robotsTag": "Robots-Tag"
                },
                "helpText": {
                    "robotsTag": "An dieser Stelle kann der Robots-Tag definiert werden, der auf der Seite ausgegeben wird.<br><br>Wird \"Standardwert übertragen\" ausgewählt, so wird der Robots-Tag Wert übergeben, den du unter SEO Professional » Weitere Einstellungen » SEO Einstellungen » Meta-Tags » Robots-Tag konfiguriert hast."
                }
            },
            "robotsTags": {
                "useDefault": "Standardwert übertragen (SEO Professional » Weitere Einstellungen » SEO Einstellungen » Meta-Tags » Robots-Tag)",
                "indexFollow": "index,follow (Seite indexieren, Links verfolgen)",
                "noindexFollow": "noindex,follow (Seite nicht indexieren, Links verfolgen)",
                "indexNoFollow": "index,nofollow (Seite indexieren, Links nicht verfolgen)",
                "noindexNoFollow": "noindex,nofollow (Seite nicht indexieren, Links nicht verfolgen)"
            }
        },
        "seoFormBulkInfo": {
            "bulkConfigurationLoadingText": "Bulk Informationen werden geladen ...",
            "activeBulkTemplateText": "Aktives Bulk Template:",
            "bulkConfigurationText": "Bulk Konfiguration:",
            "noBulkConfigurationAvailableText": "Für diese SEO-Einstellung wurde kein Bulk Template konfiguriert",
            "overwriteWarnText": "Änderungen an dieser SEO Einstellung werden beim Speichern wieder überschrieben, da die Bulk Einstellung \"Wert überschreiben\" aktiv ist."
        },
        "serp": {
            "tabs": {
                "labels": {
                    "desktop": "Desktop",
                    "mobile": "Mobile"
                }
            },
            "placeholder": {
                "noMetaTitleDefined": "[Kein Meta Titel definiert]",
                "noMetaDescriptionDefined": "[Keine Meta-Beschreibung definiert]"
            },
            "notValidSalesChannel": {
                "defaultText": "Wähle bitte einen Storefront-Verkaufskanal aus, um die SERP Vorschau anzuzeigen.",
                "noDomainMatchedText": "Der ausgewählte Storefront-Verkaufskanal, weist keine Domain für die aktive Sprache auf."
            }
        },
        "seoUrl": {
            "notModifiedText": "Die aktuelle URL wurde durch den Shopware Standard generiert. Diese wird beim nächsten Bulk Prozess überschrieben.",
            "fields": {
                "label": {
                    "canonicalLinkType": "Canonical Link",
                    "canonicalLinkExternalUrl": "Externe URL (Canonical Link)",
                    "canonicalLinkProductUrl": "Produkt (Canonical Link)",
                    "canonicalLinkCategoryUrl": "Kategorie (Canonical Link)"
                },
                "helpText": {
                    "canonicalLinkType": "Standardmäßig wird der definierte SEO Pfad auch als Canonical Link ausgeben. Über diese Option können Sie alternative Quellen für den Canonical Link definieren.<br><br>So kann bspw. auf einen Nachfolge-Artikel oder aber auf eine bestimmte Variante verwiesen werden, um doppelten Kontent zu vermeiden."
                }
            },
            "canonicalLinkTypes": {
                "InheritValue": "Einstellung des Hauptprodukts erben",
                "UseSeoPath": "Den SEO Pfad als Canonical Link ausgeben",
                "ExternalUrl": "Externe URL als Canonical Link ausgeben",
                "ProductUrl": "URL eines Produkts als Canonical Link ausgeben",
                "CategoryUrl": "URL einer Kategorie als Canonical Link ausgeben"
            }
        },
        "seoRichSnippets": {
            "cards": {
                "default": "Rich Snippets"
            },
            "fields": {
                "label": {
                    "itemCondition": "Abweichender Produktzustand",
                    "availability": "Abweichende Produktverfügbarkeit",
                    "customSku": "Abweichende händlerspezifische Kennung (sku)",
                    "customMpn": "Abweichende Herstellerteile-Nummer (mpn)",
                    "priceValidUntilDate": "Abweichendes \"Preis gültig bis\"-Datum (priceValidUntil)"
                },
                "placeholder": {
                    "customSku": "Standardwert übertragen (SEO Professional » Rich Snippets (JSON-LD) » Produkte)",
                    "customMpn": "Standardwert übertragen (SEO Professional » Rich Snippets (JSON-LD) » Produkte)"
                },
                "helpText": {
                    "itemCondition": "Wird hier kein abweichender Produktzustand definiert, so greift der Standardwert.<br><br>Dieser lässt sich unter \"SEO Professional » Rich Snippets (JSON-LD) » Produkte\" definieren",
                    "availability": "Wird hier keine abweichende Produktverfügbarkeit definiert, so greift der Standardwert.<br><br>Dieser lässt sich unter \"SEO Professional » Rich Snippets (JSON-LD) » Produkte\" definieren",
                    "customSku": "Wird hier keine abweichende händlerspezifische Kennung definiert, so greift der Standardwert.<br><br>Dieser lässt sich unter \"SEO Professional » Rich Snippets (JSON-LD) » Produkte\" definieren",
                    "customMpn": "Wird hier keine abweichende Herstellerteile-Nummer definiert, so greift der Standardwert.<br><br>Dieser lässt sich unter \"SEO Professional » Rich Snippets (JSON-LD) » Produkte\" definieren",
                    "priceValidUntilDate": "Wird hier kein abweichendes \"Preis gültig bis\"-Datum definiert, so greift der Standardwert.<br><br>Dieser lässt sich unter \"SEO Professional » Rich Snippets (JSON-LD) » Produkte\" definieren"
                }
            }
        },
        "socialMedia": {
            "cards": {
                "default": "Social Media",
                "facebook": "Facebook",
                "twitter": "Twitter"
            },
            "fields": {
                "label": {
                    "facebookTitle": "Facebook Titel",
                    "twitterTitle": "Twitter Titel",
                    "facebookDescription": "Facebook Beschreibung",
                    "twitterDescription": "Twitter Beschreibung",
                    "facebookImage": "Facebook Bild",
                    "twitterImage": "Twitter Bild"
                },
                "helpText": {
                    "facebookTitle": "Der hier definierte Titel wird beim Teilen der Seite auf Facebook ausgegeben.",
                    "twitterTitle": "Der hier definierte Titel wird beim Teilen der Seite auf Twitter ausgegeben.",
                    "facebookDescription": "Der hier definierte Beschreibungstext wird beim Teilen der Seite auf Facebook ausgegeben.",
                    "twitterDescription": "Der hier definierte Beschreibungstext wird beim Teilen der Seite auf Twitter ausgegeben."
                }
            }
        },
        "extension": {
            "swProductDetail": {
                "tabs": {
                    "dreiscSeo": "SEO"
                }
            },
            "swCategoryView": {
                "tabs": {
                    "dreiscSeo": "SEO"
                }
            }
        }
    }
}