{
    "dreiscSeoDataSeoTab": {
        "cards": {
            "meta": "Meta tags",
            "serp": "SERP preview"
        },
        "general": {
            "navigation": {
                "label": "SEO Professional Tabs"
            }
        },
        "seoForm": {
            "chars": "characters",
            "pixel": "pixel",
            "fields": {
                "label": {
                    "robotsTag": "Robots-Tag"
                },
                "helpText": {
                    "robotsTag": "At this point you can define the robots tag that will be displayed on the page. <br> <br> If \"Transfer default value\" is selected, the robots tag value is transferred, which you can find under SEO Professional » Additional Settings » SEO Settings » Meta Tags » Robots Tag configured."
                }
            },
            "robotsTags": {
                "useDefault": "Transfer default value (SEO Professional » Additional Settings » SEO Settings » Meta Tags » Robots Tag)",
                "indexFollow": "index, follow (index page, follow links)",
                "noindexFollow": "noindex, follow (do not index page, follow links)",
                "indexNoFollow": "index, nofollow (index page, do not track links)",
                "noindexNoFollow": "noindex, nofollow (do not index page, do not track links)"
            }
        },
        "seoFormBulkInfo": {
            "bulkConfigurationLoadingText": "Loading bulk information ...",
            "activeBulkTemplateText": "Active bulk template:",
            "bulkConfigurationText": "Bulk configuration:",
            "noBulkConfigurationAvailableText": "No bulk template has been configured for this SEO setting",
            "overwriteWarnText": "Changes to this SEO setting will be overwritten when you save, because the \"Overwrite value\" bulk setting is active."
        },
        "serp": {
            "tabs": {
                "labels": {
                    "desktop": "Desktop",
                    "mobile": "Mobile"
                }
            },
            "placeholder": {
                "noMetaTitleDefined": "[No meta title defined]",
                "noMetaDescriptionDefined": "[No meta description defined]"
            },
            "notValidSalesChannel": {
                "defaultText": "Please select a storefront sales channel to view the SERP preview.",
                "noDomainMatchedText": "The selected storefront sales channel does not have a domain for the active language."
            }
        },
        "seoUrl": {
            "notModifiedText": "The current URL was generated by the Shopware standard. This will be overwritten in the next bulk process.",
            "fields": {
                "label": {
                    "canonicalLinkType": "Canonical Link",
                    "canonicalLinkExternalUrl": "External URL (Canonical Link)",
                    "canonicalLinkProductUrl": "Product (Canonical Link)",
                    "canonicalLinkCategoryUrl": "Category (Canonical Link)"
                },
                "helpText": {
                    "canonicalLinkType": "By default, the defined SEO path is also output as a canonical link. You can use this option to define alternative sources for the canonical link. <br> <br> For example, you can refer to a follow-up article or to a specific variant to avoid duplicate content."
                }
            },
            "canonicalLinkTypes": {
                "InheritValue": "Inherit setting of main product",
                "UseSeoPath": "Output the SEO path as a canonical link",
                "ExternalUrl": "Output external URL as canonical link",
                "ProductUrl": "Output the URL of a product as a canonical link",
                "CategoryUrl": "Output the URL of a category as a canonical link"
            }

        },
        "seoRichSnippets": {
            "cards": {
                "default": "Rich Snippets"
            },
            "fields": {
                "label": {
                    "itemCondition": "Deviating product condition",
                    "availability": "Deviating product availability",
                    "customSku": "Different dealer-specific identifier",
                    "customMpn": "Different manufacturer part number",
                    "priceValidUntilDate": "Different \"price valid to\" date"
                },
                "placeholder": {
                    "customSku": "Use default (SEO Professional » Rich Snippets (JSON-LD) » Products)",
                    "customMpn": "Use default (SEO Professional » Rich Snippets (JSON-LD) » Products)"
                },
                "helpText": {
                    "itemCondition": "If no deviating product status is defined here, the default value applies. <br> <br> This can be defined under \"SEO Professional » Rich Snippets (JSON-LD) » Products\"",
                    "availability": "If no deviating product availability is defined here, the default value applies. <br> <br> This can be defined under \"SEO Professional » Rich Snippets (JSON-LD) » Products\"",
                    "customSku": "If no different dealer-specific identifier is defined here, the default value applies. <br> <br> This can be defined under \"SEO Professional » Rich Snippets (JSON-LD) » Products\"",
                    "customMpn": "If no different manufacturer part number is defined here, the default value applies. <br> <br> This can be defined under \"SEO Professional» Rich Snippets (JSON-LD) »Products\"",
                    "priceValidUntilDate": "If no different \"price valid to\" date is defined here, the default value applies. <br> <br> This can be defined under \"SEO Professional» Rich Snippets (JSON-LD) »Products\""
                }
            }
        },
        "socialMedia": {
            "cards": {
                "default": "Social Media",
                "facebook": "Facebook",
                "twitter": "Twitter"
            },
            "fields": {
                "label": {
                    "facebookTitle": "Facebook title",
                    "twitterTitle": "Twitter title",
                    "facebookDescription": "Facebook description",
                    "twitterDescription": "Twitter description",
                    "facebookImage": "Facebook image",
                    "twitterImage": "Twitter image"
                },
                "helpText": {
                    "facebookTitle": "The title defined here is output when the page is shared on Facebook.",
                    "twitterTitle": "The title defined here is output when the page is shared on Twitter.",
                    "facebookDescription": "The description text defined here is output when the page is shared on Facebook.",
                    "twitterDescription": "The description text defined here is output when the page is shared on Twitter."
                }
            }
        },
        "extension": {
            "swProductDetail": {
                "tabs": {
                    "dreiscSeo": "SEO"
                }
            },
            "swCategoryView": {
                "tabs": {
                    "dreiscSeo": "SEO"
                }
            }
        }
    }
}
