{
    "dreiscSeoSettings": {
        "general": {
            "navigation": {
                "label": "Weitere Einstellungen"
            },
            "textSnippets": {
                "yes": "Ja",
                "no": "Nein"
            },
            "fieldErrors": {
                "shouldBeGreaterThenZero": "Dieser Wert muss größer 0 sein"
            },
            "inheritanceWarningName": "Diese Einstellung"
        },
        "detail": {
            "smartBar": {
                "header": "Weitere Einstellungen",
                "editButtonText": "Bearbeiten",
                "cancelButtonText": "Abbrechen",
                "saveButtonText": "Speichern"
            },
            "tabs": {
                "seoSettings": "SEO Einstellungen"
            }
        },
        "detailSeoSettings": {
            "fields": {
                "labels": {
                    "startGeneratorInTheStorageProcess": "Bulk Generatoren beim Speicherprozess starten",
                    "defaultRobotsTagProduct": "Standard Robots-Tag für Produkte",
                    "defaultRobotsTagCategory": "Standard Robots-Tag für Kategorien",
                    "noIndexRequestParameterConfig": "Noindex Request Parameter Query",
                    "seoUrlDefaultSalesChannelId": "Verkaufskanal Vorauswahl",
                    "serpDefaultSalesChannelId": "Verkaufskanal Vorauswahl"
                },
                "helpText": {
                    "startGeneratorInTheStorageProcess": "Ist diese Option aktiv, so wird beim Speichern einer Kategorie bzw. eines Produkts automatisch der Bulk Generator für die jeweilige Entity gestartet. Es muss somit nicht extra der Bulk Generator gestartet werden, um die SEO Daten zu generieren.<br><br>Aus Performance-Gründen kann es unter Umständen Sinn machen diese Option zu deaktivieren, wenn bspw. eine große Menge an Daten per ERP abgeglichen wird.",
                    "defaultRobotsTagProduct": "Der hier definierte Robots-Tag wird für standardmäßig für jedes Produkt verwendet, für das in den Produkt-Einstellungen kein abweichender Robots-Tag hinterlegt wurde.",
                    "defaultRobotsTagCategory": "Der hier definierte Robots-Tag wird für standardmäßig für jede Kategorie verwendet, für das in den Kategorie-Einstellungen kein abweichender Robots-Tag hinterlegt wurde.",
                    "noIndexRequestParameterConfig": "Über dieses Feld kannst du Request Parameter Bedingungen definieren, die dafür sorgen, dass als Robot Tag \"noindex\" ausgegeben wird.<br><br>Eine ausführliche Erklätung hierzu findest du in der Dokumentation.",
                    "seoUrlDefaultSalesChannelId": "Standardmäßig muss in der Konfiguration der Canonical Urls eines Produkts bzw. Kategorie zunächst der Verkaufskanal ausgewählt werden, für den Anpassung durchgeführt werden soll. Wird hier ein Verkaufskanel ausgewählt, so wird dieser bei den Produkten und Kategorien automatisch vorausgewählt.",
                    "serpDefaultSalesChannelId": "Standardmäßig muss zur Anzeige der SERP Vorschau eines Produkts bzw. Kategorie zunächst der Verkaufskanal ausgewählt werden, für den die Vorschau angezeigt werden soll. Wird hier ein Verkaufskanel ausgewählt, so wird dieser bei den Produkten und Kategorien automatisch vorausgewählt."
                },
                "placeholder": {
                    "seoUrlDefaultSalesChannelId": "Keine Vorauswahl hinterlegt",
                    "serpDefaultSalesChannelId": "Keine Vorauswahl hinterlegt"
                }
            },
            "cards": {
                "metaTags": "Meta-Tags",
                "bulkGenerators": "Bulk Generatoren",
                "serpPreview": "SERP Vorschau",
                "seoUrl": "Canonical Urls",
                "socialMedia": "Social Media",
                "titles": {
                    "metaTitleLengthConfig": "Konfiguration der Meta Titel Pixellänge",
                    "metaDescriptionLengthConfig": "Konfiguration der Meta Beschreibung Zeichenlänge",
                    "keywordsLengthConfig": "Konfiguration der Keyword Zeichenlänge",
                    "robotsTag": "Robots-Tag",
                    "facebookTitleLengthConfig": "Konfiguration der Facebook Titel Zeichenlänge",
                    "facebookDescriptionLengthConfig": "Konfiguration der Facebook Beschreibung Zeichenlänge",
                    "twitterTitleLengthConfig": "Konfiguration der Twitter Titel Zeichenlänge",
                    "twitterDescriptionLengthConfig": "Konfiguration der Twitter Beschreibung Zeichenlänge"
                }
            },
            "notification": {
                "titleSaveError": "Beim Speichern ist ein Fehler aufgetreten",
                "messageSaveError": "Kontrolliere bitte die Einstellungen in dem Tab \"SEO Einstellungen\". Hier sind eine oder mehrere Einstellungen nicht valide."
            }
        },
        "lengthConfigForm": {
            "fields": {
                "labels": {
                    "chars": {
                        "recommendedLengthStart": "Empfohlene Zeichenlänge von",
                        "recommendedLengthEnd": "bis",
                        "maxLength": "Maximale Zeichenlänge"
                    },
                    "pixel": {
                        "recommendedLengthStart": "Empfohlene Pixellänge von",
                        "recommendedLengthEnd": "bis",
                        "maxLength": "Maximale Pixellänge"
                    }
                }
            }
        }
    }
}
