{
    "dreiscSeoSettings": {
        "general": {
            "navigation": {
                "label": "More settings"
            },
            "textSnippets": {
                "yes": "Yes",
                "no": "No"
            },
            "fieldErrors": {
                "shouldBeGreaterThenZero": "This value must be greater than 0"
            },
            "inheritanceWarningName": "This setting"
        },
        "detail": {
            "smartBar": {
                "header": "More Settings",
                "editButtonText": "Edit",
                "cancelButtonText": "Cancel",
                "saveButtonText": "Save"
            },
            "tabs": {
                "seoSettings": "SEO Settings"
            }
        },
        "detailSeoSettings": {
            "fields": {
                "labels": {
                    "startGeneratorInTheStorageProcess": "Start bulk generators during the storage process",
                    "defaultRobotsTagProduct": "Standard robots tag for products",
                    "defaultRobotsTagCategory": "Standard robots tag for categories",
                    "noIndexRequestParameterConfig": "Noindex Request Parameter Query",
                    "seoUrlDefaultSalesChannelId": "Sales channel pre-selection",
                    "serpDefaultSalesChannelId": "Sales channel pre-selection"
                },
                "helpText": {
                    "defaultRobotsTagProduct": "The robots tag defined here is used by default for every product for which no different robots tag has been stored in the product settings.",
                    "defaultRobotsTagCategory": "The robots tag defined here is used by default for every category for which no different robots tag has been stored in the category settings.",
                    "noIndexRequestParameterConfig": "This field allows you to define request parameter conditions that ensure that \"noindex\" is output as the robot tag. <br> <br> You can find a detailed explanation in the documentation.",
                    "seoUrlDefaultSalesChannelId": "By default, in the configuration of the canonical urls of a product or category, the sales channel for which adjustments are to be made must first be selected. If a sales channel is selected here, this is automatically preselected for the products and categories.",
                    "serpDefaultSalesChannelId": "By default, to display the SERP preview of a product or category, the sales channel for which the preview is to be displayed must first be selected. If a sales channel is selected here, this is automatically preselected for the products and categories."
                },
                "placeholder": {
                    "seoUrlDefaultSalesChannelId": "No pre-selection deposited",
                    "serpDefaultSalesChannelId": "No pre-selection deposited"
                }
            },
            "cards": {
                "metaTags": "Meta tags",
                "bulkGenerators": "Bulk Generators",
                "serpPreview": "SERP preview",
                "seoUrl": "Canonical urls",
                "socialMedia": "Social Media",
                "titles": {
                    "metaTitleLengthConfig": "Configuration of the meta title pixel length",
                    "metaDescriptionLengthConfig": "Configuration of the meta description character length",
                    "keywordsLengthConfig": "Configuration of the keyword character length",
                    "robotsTag": "Robots-tag",
                    "facebookTitleLengthConfig": "Configuration of the Facebook title character length",
                    "facebookDescriptionLengthConfig": "Configuration of the Facebook description character length",
                    "twitterTitleLengthConfig": "Configuration of the Twitter title character length",
                    "twitterDescriptionLengthConfig": "Configuration of the Twitter description character length"
                }
            },
            "notification": {
                "titleSaveError": "When saving an error has occurred",
                "messageSaveError": "Please check the settings in the \"SEO Settings\" tab. Here one or more settings are not valid."
            }
        },
        "lengthConfigForm": {
            "fields": {
                "labels": {
                    "chars": {
                        "recommendedLengthStart": "Recommended character length from",
                        "recommendedLengthEnd": "to",
                        "maxLength": "Maximum character length"
                    },
                    "pixel": {
                        "recommendedLengthStart": "Recommended pixel length from",
                        "recommendedLengthEnd": "to",
                        "maxLength": "Maximum pixel length"
                    }
                }
            }
        }
    }
}
