{
    "viewportHeight": 1080,
    "viewportWidth": 1920,
    "baseUrl": "http://www.shopware-dev.de",
    "watchForFileChanges": false,
    "requestTimeout": 10000,
    "defaultCommandTimeout": 10000,
    "salesChannelName": "Storefront",
    "video": false,
    "screenshotsFolder": "./../app/build/artifacts/e2e/screenshots",
    "reporter": "junit",
    "reporterOptions": {
        "mochaFile": "./../app/build/artifacts/e2e/my-test-output-[hash].xml"
    },
    "env": {
        "user": "admin",
        "pass": "shopware",
        "salesChannelName": "Storefront",
        "admin": "/admin",
        "apiPath": "/api/v1",
        "locale": "en-GB",
        "projectRoot": "/app",
        "localUsage": false
    }
}
