{
    "dreiscSeo": {
        "general": {
            "navigation": {
                "label": "SEO Professional"
            }
        },
        "doku": {
            "general": {
                "buttonText": "Dokumentation zu dieser Einstellung in einem neuen Fenster öffnen"
            },
            "links": {
                "modulesRedirect": "https:\/\/de.dreischild.com\/docs\/seo-professional\/modules\/redirect",
                "modulesBulkGenerators": "https:\/\/de.dreischild.com\/docs\/seo-professional\/modules\/bulk-generators",
                "seoSettings": "https:\/\/de.dreischild.com\/docs\/seo-professional\/seo-settings",
                "modulesRedirectImportExport": "https:\/\/de.dreischild.com\/docs\/seo-professional\/modules\/redirect\/redirect-import-export",
                "settings": {
                    "seoSettingsMetaTags": "https:\/\/de.dreischild.com\/docs\/seo-professional\/modules\/settings\/seo-settings#meta-tags",
                    "seoSettingsSerpPreview": "https:\/\/de.dreischild.com\/docs\/seo-professional\/modules\/settings\/seo-settings#serp-vorschau",
                    "seoSettingsSeoUrl": "https:\/\/de.dreischild.com\/docs\/seo-professional\/modules\/settings\/seo-settings#canonical-urls",
                    "seoSettingsSocialMedia": "https:\/\/de.dreischild.com\/docs\/seo-professional\/modules\/settings\/seo-settings#social-media"
                },
                "richSnippets": {
                    "general": "https:\/\/de.dreischild.com\/docs\/seo-professional\/modules\/rich-snippets-json-ld",
                    "product": "https:\/\/de.dreischild.com\/docs\/seo-professional\/modules\/rich-snippets-json-ld\/products",
                    "breadcrumb": "https:\/\/de.dreischild.com\/docs\/seo-professional\/modules\/rich-snippets-json-ld\/breadcrumb",
                    "logo": "https://de.dreischild.com/docs/seo-professional/modules/rich-snippets-json-ld/organization#logo",
                    "business": "https://de.dreischild.com/docs/seo-professional/modules/rich-snippets-json-ld/organization#lokales-unternehmen"
                }
            }
        }
    }
}
