{
    "dreiscSeo": {
        "general": {
            "navigation": {
                "label": "SEO Professional"
            }
        },
        "doku": {
            "general": {
                "buttonText": "Open documentation for this setting in a new window"
            },
            "links": {
                "modulesRedirect": "https://translate.google.com/translate?sl=de&tl=en&u=https%3A%2F%2Fde.dreischild.com%2Fdocs%2Fseo-professional%2Fmodules%2Fredirect",
                "modulesBulkGenerators": "https://translate.google.com/translate?sl=de&tl=en&u=https%3A%2F%2Fde.dreischild.com%2Fdocs%2Fseo-professional%2Fmodules%2Fbulk-generators",
                "seoSettings": "https://translate.google.com/translate?sl=de&tl=en&u=https%3A%2F%2Fde.dreischild.com%2Fdocs%2Fseo-professional%2Fseo-settings",
                "modulesRedirectImportExport": "https://translate.google.com/translate?sl=de&tl=en&u=https%3A%2F%2Fde.dreischild.com%2Fdocs%2Fseo-professional%2Fmodules%2Fredirect%2Fredirect-import-export",
                "settings": {
                    "seoSettingsMetaTags": "https://translate.google.com/translate?sl=de&tl=en&u=https%3A%2F%2Fde.dreischild.com%2Fdocs%2Fseo-professional%2Fmodules%2Fsettings%2Fseo-settings",
                    "seoSettingsSerpPreview": "https://translate.google.com/translate?sl=de&tl=en&u=https%3A%2F%2Fde.dreischild.com%2Fdocs%2Fseo-professional%2Fmodules%2Fsettings%2Fseo-settings",
                    "seoSettingsSeoUrl": "https://translate.google.com/translate?sl=de&tl=en&u=https%3A%2F%2Fde.dreischild.com%2Fdocs%2Fseo-professional%2Fmodules%2Fsettings%2Fseo-settings",
                    "seoSettingsSocialMedia": "https://translate.google.com/translate?sl=de&tl=en&u=https%3A%2F%2Fde.dreischild.com%2Fdocs%2Fseo-professional%2Fmodules%2Fsettings%2Fseo-settings"
                },
                "richSnippets": {
                    "general": "https://translate.google.com/translate?sl=de&tl=en&u=https%3A%2F%2Fde.dreischild.com%2Fdocs%2Fseo-professional%2Fmodules%2Frich-snippets-json-ld",
                    "product": "https://translate.google.com/translate?sl=de&tl=en&u=https%3A%2F%2Fde.dreischild.com%2Fdocs%2Fseo-professional%2Fmodules%2Frich-snippets-json-ld%2Fproducts",
                    "breadcrumb": "https://translate.google.com/translate?sl=de&tl=en&u=https%3A%2F%2Fde.dreischild.com%2Fdocs%2Fseo-professional%2Fmodules%2Frich-snippets-json-ld%2Fbreadcrumb",
                    "logo": "https://translate.google.com/translate?sl=de&tl=en&u=https%3A%2F%2Fde.dreischild.com%2Fdocs%2Fseo-professional%2Fmodules%2Frich-snippets-json-ld%2Forganization",
                    "business": "https://translate.google.com/translate?sl=de&tl=en&u=https%3A%2F%2Fde.dreischild.com%2Fdocs%2Fseo-professional%2Fmodules%2Frich-snippets-json-ld%2Forganization"
                }
            }
        }
    }
}
