{
    "acrisCookieConsent": {
        "heading": "Wir respektieren Ihre Privatsphäre",
        "messageIncludingSave": "Diese Website verwendet Cookies, um Ihnen die bestmögliche Funktionalität bieten zu können. Sie können Ihre Auswahl der Verwendung von Cookies jederzeit <a data-dismiss=\"modal\" id=\"cookieConsentAcceptButton\" class=\"cookie-consent-accept-button-in-text\" href=\"#\" onclick=\"return false;\">speichern.</a> <a data-toggle=\"modal\" data-url=\"%url%\" href=\"%url%\" title=\"Mehr Informationen\">Mehr Informationen</a>.",
        "switchActive": "Aktiv",
        "switchInactive": "Inaktiv",

        "settingsButton": "Datenschutzeinstellungen",
        "acceptOnlyFunctionalButton": "Nur funktionale Cookies akzeptieren",
        "acceptButton": "Cookies akzeptieren",
        "acceptAllButton": "Alle Cookies akzeptieren",

        "footerCmsPageLinkPrefixFirst": "- ",
        "footerCmsPageLinkPrefixSecond": "- ",
        "footerCmsPageLinkPrefixThird": "- "
    }
}
