{
    "dreiscSeoBulk": {
        "general": {
            "navigation": {
                "label": "Seo Bulk Basic"
            },
            "textSnippets": {
                "yes": "Ja",
                "no": "Nein"
            }
        },
        "detailTree": {
            "settingScope": {
                "labels": {
                    "seoOption": "SEO Einstellung",
                    "language": "Sprache",
                    "salesChannel": "Verkaufskanal"
                }
            },
            "notification": {
                "salesChannelRequired": "Wähle bitte noch den Verkaufskanal aus, für den den die Bulk Templates bearbeitet werden sollen."
            },
            "templateInformation": {
                "noTemplate": "(Kein Template definiert)",
                "inheritText": "vererbt von:"
            }
        },
        "detail": {
            "smartBar": {
                "header": "Bulk Generator",
                "createButtonText": "Bulk Template hinterlegen",
                "deleteButtonText": "Löschen",
                "cancelButtonText": "Abbrechen",
                "saveButtonText": "Speichern",
                "runGeneratorText": "Generator starten"
            },
            "tabs": {
                "general": "Allgemein"
            },
            "notification": {
                "titleSaveError": "Beim Speichern ist ein Fehler aufgetreten",
                "messageSaveError": "Das Element konnte nicht gespeichert werden."
            },
            "deleteModal": {
                "title": "Bulk Template Einstellung löschen",
                "confirmText": "Bist du sicher, dass die Bulk Template Konfiguration für diese Kategorie gelöscht werden soll?",
                "cancelButtonText": "Abbruch",
                "deleteButtonText": "Löschen"
            }
        },
        "detailBase": {
            "cards": {
                "titles": {
                    "settings": "Einstellungen"
                }
            },
            "fields": {
                "labels": {
                    "categoryId": "CategoryId",
                    "overwrite": "Wert überschreiben",
                    "inherit": "Template vererben",
                    "priority": "Priorität",
                    "dreiscSeoBulkTemplateId": "Bulk Template"
                },
                "placeholder": {
                    "dreiscSeoBulkTemplateId": "Wähle bitte ein Template aus"
                },
                "errors": {
                    "defaultError": "Dieses Feld darf nicht leer sein"
                },
                "helpText": {
                    "priority": "Ist ein Produkt mehreren Kategorien zugeordnet, die jeweils ein Bulk Template definiert haben, so wird das Bulk Template mit der höheren Priorität angewendet.",
                    "overwrite": "Standardmäßig werden die SEO Einstellung durch den Bulk Generator nur dann hinterlegt, wenn die jeweilige SEO Einstellung leer ist. Ist diese Option aktiv, so greift das Bulk Template immer, sodass bestehende Werte entsprechend überschrieben werden.<br><br><b>Sonderfall SEO-URL:<\/b><br>Bei den URLs ist zu beachten, dass die durch den Shopware Standard generierten URLs ebenfalls als \"leere Einstellung\" angesehen werden. Die Standard SEO Urls werden also entsprechend auch dann überschrieben, wenn diese Option nicht aktiv ist.",
                    "inherit": "Standardmäßig wird ein Template immer nur für die aktuelle Kategorie hinterlegt. Somit greift ein Template immer nur für die Kategorie bzw. bei dem Produkt Bulk Generator für alle Produkte der jeweiligen Kategorie. Ist diese Option aktiv, so wird das Template auch an die Unterkategorien weitervererbt, sodass das jeweilige Template auch für diese Kategorien greift."
                }
            },
            "notification": {
                "noTemplate": {
                    "title": "Kein Template definiert",
                    "message": "Es wurde noch kein Bulk Template für diese Kategorie hinterlegt. Klicke auf <b><i>Bulk Template hinterlegen<\/i><\/b>, um ein Template für diese Kategorie zu definieren."
                },
                "inheritTemplate": {
                    "title": "Erbt Bulk Konfiguration von Eltern-Kategorie",
                    "message": "Diese Kategorie erbt die Bulk Einstellungen der Kategorie <b><i>{inheritCategoryName}<\/i><\/b>. Entsprechend wird auch für diese Kategorie das Bulk Template <b><i>{templateName}<\/i><\/b> angewendet.<br><br>Klicke auf <b><i>Bulk Template hinterlegen<\/i><\/b>, um ein eigenes Template für diese Kategorie zu definieren."
                },
                "messageSaveError": "Das Element konnte nicht gespeichert werden."
            }
        },
        "templateList": {
            "cards": {
                "titles": {
                    "templates": "Verfügbare Bulk Templates für die ausgewählte SEO Einstellung"
                }
            },
            "toolbar": {
                "addButton": {
                    "label": "Neues Bulk Template erstellen"
                }
            },
            "columns": {
                "labels": {
                    "name": "Name des Templates"
                }
            },
            "deleteModal": {
                "singleDelete": {
                    "title": "Bulk Template löschen",
                    "confirmText": "Bist du sicher, dass das ausgewählte Bulk Template gelöscht werden soll?"
                },
                "multiDelete": {
                    "title": "Bulk Templates löschen",
                    "confirmText": "Bist du sicher, dass die ausgewählten {count} Bulk Templates gelöscht werden sollen?"
                }
            },
            "deletingTemplateInUseModalData": {
                "title": "Konflikt beim Löschen des Templates",
                "message": "Das Template <b>{templateName}<\/b> ist bei {total} Kategorie(n) als Bulk Template hinterlegt",
                "postMessage": "Wie soll vorgegangen werden?",
                "deleteButtonText": "Lösche ebenfalls die Bulk Einstellungen der {total} Kategorie(n)",
                "skipButtonText": "Überspringe das Löschen dieses Templates"
            },
            "emptyState": {
                "title": "Noch keine Bulk Templates verfügbar",
                "subline": "Für die aktuell ausgewählte SEO Einstellung wurde noch kein Bulk Template konfiguriert. \nKlicke auf \"Neues Bulk Template erstellen\" um ein neues zu erstellen"
            }
        },
        "templateDetail": {
            "newTitle": "Neues Bulk Template",
            "fields": {
                "labels": {
                    "name": "Name",
                    "template": "Template",
                    "spaceless": "Leerzeichen zwischen HTML-Tags entfernen",
                    "previewProduct": "Vorschau-Produkt"
                },
                "placeholder": {
                    "templateVariables": "Variable hinzufügen ...",
                    "previewProduct": "Wähle hier ein Produkt aus, wenn du die Vorschau nutzen möchtest ..."
                }
            },
            "templatePreview": {
                "label": "Vorschau:",
                "isNotValidText": "Das Template ist nicht valide",
                "isNotValidAdditionalInfoText": "Fehlermeldung anzeigen"
            },
            "buttons": {
                "save": "Speichern",
                "cancel": "Abbrechen"
            }
        },
        "seoOptions": {
            "labels": {
                "metaTitle": "Meta Titel",
                "metaDescription": "Meta Beschreibung",
                "url": "SEO-URL",
                "robotsTag": "Robots-Tag",
                "facebookTitle": "Facebook Titel",
                "facebookDescription": "Facebook Beschreibung",
                "twitterTitle": "Twitter Titel",
                "twitterDescription": "Twitter Beschreibung"
            }
        },
        "defaultTemplates": {
            "labels": {
                "articleName": "Artikelname",
                "articleAndShopName": "Artikelname + Shopname",
                "articleShippingFree": "Artikelname + versandkostenfrei einkaufen"
            }
        },
        "generator": {
            "prepareBulkGenerator": "Bulk Generator wird vorbereitet ...",
            "cancelButtonText": "Abbrechen",
            "generateButtonText": "Generieren",
            "closeButtonText": "Fenster schließen",
            "product": {
                "bulkGeneratorCanBeStarted": "Klicke auf <i>Generieren</i>, um die SEO Einstellungen für {count} Produkte / Varianten zu generieren.",
                "bulkGeneratorInProgress": "{generatedCount} von {total} Produkte / Varianten generiert.",
                "bulkGeneratorFinished": "Der Generator für die Produkte / Varianten wurde erfolgreich ausgeführt."
            },
            "category": {
                "bulkGeneratorCanBeStarted": "Klicke auf <i>Generieren</i>, um die SEO Einstellungen für {count} Kategorien zu generieren.",
                "bulkGeneratorInProgress": "{generatedCount} von {total} Kategorien generiert.",
                "bulkGeneratorFinished": "Der Generator für die Kategorien wurde erfolgreich ausgeführt."
            }
        }
    }
}
