{
    "dreiscSeoBulk": {
        "general": {
            "navigation": {
                "label": "Seo Bulk Basic"
            },
            "textSnippets": {
                "yes": "Yes",
                "no": "No"
            }
        },
        "detailTree": {
            "settingScope": {
                "labels": {
                    "seoOption": "SEO Settings",
                    "language": "Language",
                    "salesChannel": "Saleschannel"
                }
            },
            "notification": {
                "salesChannelRequired": "Please select the sales channel for which the bulk templates are to be processed."
            },
            "templateInformation": {
                "noTemplate": "(No Template defined)",
                "inheritText": "inherited from:"
            }
        },
        "detail": {
            "smartBar": {
                "header": "Bulk generator",
                "createButtonText": "Create bulk template",
                "deleteButtonText": "Delete",
                "cancelButtonText": "Cancel",
                "saveButtonText": "Save",
                "runGeneratorText": "Start generator"
            },
            "tabs": {
                "general": "General"
            },
            "notification": {
                "titleSaveError": "An error occurred while saving",
                "messageSaveError": "The item could not be saved."
            },
            "deleteModal": {
                "title": "Delete bulk template setting",
                "confirmText": "Are you sure you want to delete the bulk template configuration for this category?",
                "cancelButtonText": "Cancel",
                "deleteButtonText": "Delete"
            }
        },
        "detailBase": {
            "cards": {
                "titles": {
                    "settings": "Settings"
                }
            },
            "fields": {
                "labels": {
                    "categoryId": "CategoryId",
                    "overwrite": "Overwrite value",
                    "inherit": "Inherit template",
                    "priority": "Priority",
                    "dreiscSeoBulkTemplateId": "Bulk template"
                },
                "placeholder": {
                    "dreiscSeoBulkTemplateId": "Please select a template"
                },
                "errors": {
                    "defaultError": "This field can not be empty"
                },
                "helpText": {
                    "priority": "If a product is assigned to several categories, each of which has defined a bulk template, the bulk template with the higher priority is used.",
                    "overwrite": "By default, the Bulk Generator only stores the SEO setting if the respective SEO setting is empty. If this option is activated, the bulk template always takes effect, so that existing values are overwritten accordingly. <br> <br> <b> Special case SEO-URL: </b> <br> With the URLs it should be noted that the the Shopware standard generated URLs are also regarded as an \"empty setting\". The standard SEO urls will be overwritten accordingly even if this option is not active.",
                    "inherit": "By default, a template is only stored for the current category. This means that a template only applies to the category or, for the Bulk Generator product, to all products in the respective category. If this option is active, the template is also passed on to the subcategories, so that the respective template also applies to these categories."
                }
            },
            "notification": {
                "noTemplate": {
                    "title": "No template defined",
                    "message": "No bulk template has been saved for this category. Click on <b> <i> Store Bulk Template </i> </b> to define a template for this category."
                },
                "inheritTemplate": {
                    "title": "Inherits bulk configuration from parent category",
                    "message": "This category inherits the bulk settings from the <b><i>{inheritCategoryName}<\/i><\/b>. Accordingly, the bulk template <b><i>{templateName}<\/i><\/b> is used for this category.<br><br>Click on <b> <i> Store bulk template </i> </b> to define your own template for this category."
                },
                "messageSaveError": "The item could not be saved."
            }
        },
        "templateList": {
            "cards": {
                "titles": {
                    "templates": "Available bulk templates for the selected SEO setting"
                }
            },
            "toolbar": {
                "addButton": {
                    "label": "Create a new bulk template"
                }
            },
            "columns": {
                "labels": {
                    "name": "Name of the template"
                }
            },
            "deleteModal": {
                "singleDelete": {
                    "title": "Delete bulk template",
                    "confirmText": "Are you sure you want to delete the selected bulk template?"
                },
                "multiDelete": {
                    "title": "Delete bulk templates",
                    "confirmText": "Are you sure you want to delete the selected {count} bulk templates?"
                }
            },
            "deletingTemplateInUseModalData": {
                "title": "Conflict when deleting the template",
                "message": "The template <b> {templateName} </b> is stored as a bulk template in {total} category (s)",
                "postMessage": "How to proceed?",
                "deleteButtonText": "Also delete the bulk settings of the {total} category (s)",
                "skipButtonText": "Skip deleting this template"
            },
            "emptyState": {
                "title": "No bulk templates available yet",
                "subline": "No bulk template has been configured for the currently selected SEO setting.\nClick on \"Create a new bulk template\" to create a new one"
            }
        },
        "templateDetail": {
            "newTitle": "New bulk template",
            "fields": {
                "labels": {
                    "name": "Name",
                    "template": "Template",
                    "spaceless": "Remove spaces between HTML tags",
                    "previewProduct": "Preview product"
                },
                "placeholder": {
                    "templateVariables": "Add variable ...",
                    "previewProduct": "Select a product here if you want to use the preview ..."
                }
            },
            "templatePreview": {
                "label": "Preview:",
                "isNotValidText": "The template is not valid",
                "isNotValidAdditionalInfoText": "Show error message"
            },
            "buttons": {
                "save": "Save",
                "cancel": "Cancel"
            }
        },
        "seoOptions": {
            "labels": {
                "metaTitle": "Meta title",
                "metaDescription": "Meta description",
                "url": "SEO-URL",
                "robotsTag": "Robots-Tag",
                "facebookTitle": "Facebook title",
                "facebookDescription": "Facebook description",
                "twitterTitle": "Twitter title",
                "twitterDescription": "Twitter description"
            }
        },
        "defaultTemplates": {
            "labels": {
                "articleName": "Productname",
                "articleAndShopName": "Productname + Shopname",
                "articleShippingFree": "Productname + buy free shipping"
            }
        },
        "generator": {
            "prepareBulkGenerator": "Preparing bulk generator ...",
            "cancelButtonText": "Cancel",
            "generateButtonText": "Generate",
            "closeButtonText": "Close",
            "product": {
                "bulkGeneratorCanBeStarted": "Click <i>Generate</i> to generate the SEO settings for {count} products / variants.",
                "bulkGeneratorInProgress": "{generatedCount} generated from {total} products / variants.",
                "bulkGeneratorFinished": "The generator for the products / variants was successfully executed."
            },
            "category": {
                "bulkGeneratorCanBeStarted": "Click <i>Generate</i> to generate the SEO settings for {count} categories.",
                "bulkGeneratorInProgress": "{generatedCount} generated from {total} categories.",
                "bulkGeneratorFinished": "The generator for the categories was successfully executed."
            }
        }
    }
}
