{
    "survey": {
        "general": {
            "title": "Umfrage",
            "titleQuestion": "Fragen",
            "titleAnswer": "Antworten",
            "settingsLabel": "Umfrage Einstellungen/Ergebnisse",
            "questionLabel": "Fragen und Antworten",
            "titleResult": "Umfrageergebnisse"
        },
        "button": {
            "createQuestion": "Frage erstellen",
            "save": "Speichern",
            "createAnswer": "Antwort erstellen",
            "resultOverview": "Ergebnisübersicht"
        },
        "label": {
            "question": "Frage",
            "answer": "Antwort",
            "answerTypeLabel": "Antwort Typ"
        },
        "overview": {
            "contextMenueEdit": "Bearbeiten",
            "contextMenueDelete": "Löschen",
            "contextMenueShowAnswers": "Zeige die Antworten",
            "labelQuestion": "Frage",
            "labelAnswer": "Antwort",
            "labelActive": "Aktiv",
            "labelPosition": "Position",
            "labelIsRequired": "Ist erforderlich",
            "labelAnswerType": "Antwort Typ",
            "messageDeleteSuccess": "Die Frage wurde erfolgreich gelöscht!",
            "messageDeleteSuccessAnswer": "Die Antwort wurde erfolgreich gelöscht!",
            "messageDeleteError": "Es ist ein Fehler beim Löschen aufgetreten!",
            "labelAnswerCount": "Anzahl der Abstimmung",
            "modal": {
                "confirmTitle": "Frage löschen!",
                "confirmTitleAnswer": "Antwort löschen!",
                "confirmText": "Soll die Frage wirklich gelöscht werden?",
                "confirmTextAnswer": "Soll die Antwort wirklich gelöscht werden?",
                "buttonCancel": "Abbrechen",
                "buttonDelete":"Löschen"
            }
        },
        "create": {
            "createButtonText": "Erstellen",
            "cancelButtonText": "Abbrechen",
            "cardTitle": "Frage erstellen",
            "detailQuestion": "Frage bearbeiten",
            "detailAnswer": "Antwort bearbeiten",
            "labelQuestion": "Frage",
            "labelActive": "Aktiv",
            "labelPosition": "Position",
            "labelIsRequired": "Ist erforderlich",
            "answerTypeTextarea": "Textarea",
            "answerTypeTextField": "Text-Field",
            "answerTypeSingleSelect": "Single-Select",
            "answerTypeMultiSelect": "Multi-Select",
            "messageCreateSuccess": "Die Frage wurde erfolgreich erstellt!",
            "messageCreateSuccessAnswer": "Die Antwort wurde erfolgreich erstellt!",
            "helpTextType": "Wenn der Typ Single-Select ausgewählt wurde, können in der Overview die Antworten, über die 3 Punkte, individuell erstellt werden."
        },
        "detail": {
            "cancelButtonText": "Zurück",
            "saveButtonText": "Speichern"  
        },
        "order": {
            "cardTitle": "Umfrage Ergebnis",
            "question": "Frage",
            "answer": "Antwort"
        },
        "result": {
            "orderNumber": "Bestellnummer",
            "customerName": "Kunde",
            "surveyResult": "Umfrageergebnisse",
            "result": "Ergebnis von Frage ",
            "createdAt": "Datum"
        }
    }
}