{
    "survey": {
        "general": {
            "title": "Survey",
            "titleQuestion": "Questions",
            "titleAnswer": "Answers",
            "settingsLabel": "Survey Settings/Results",
            "questionLabel": "Questions and answers",
            "titleResult": "Survey results"
        },
        "button": {
            "createQuestion": "Create question",
            "save": "Save",
            "createAnswer": "Create answer",
            "resultOverview": "Result overview"
        },
        "label": {
            "question": "Question",
            "answer": "Answer",
            "answerTypeLabel": "Answer type"
        },
        "overview": {
            "contextMenueEdit": "Edit",
            "contextMenueDelete": "Delete",
            "contextMenueShowAnswers": "Show answers",
            "labelQuestion": "Question",
            "labelAnswer": "Answer",
            "labelActive": "Active",
            "labelPosition": "Position",
            "labelIsRequired": "Is required",
            "labelAnswerType": "Answer type",
            "messageDeleteSuccess": "The question was successfully deleted!",
            "messageDeleteSuccessAnswer": "The answer was successfully deleted!",
            "messageDeleteError": "An error occurred while deleting!",
            "labelAnswerCount": "Voted answer",
            "modal": {
                "confirmTitle": "Delete question!",
                "confirmTitleAnswer": "Delete answer!",
                "confirmText": "Do you really want to delete the question?",
                "confirmTextAnswer": "Do you really want to delete the answer?",
                "buttonCancel": "Cancel",
                "buttonDelete":"Delete"
            }
        },
        "create": {
            "createButtonText": "Create",
            "cancelButtonText": "Cancel",
            "cardTitle": "Create question",
            "detailQuestion": "Edit question",
            "detailAnswer": "Edit answer",
            "labelQuestion": "Question",
            "labelActive": "Active",
            "labelPosition": "Position",
            "labelIsRequired": "Is required",
            "answerTypeTextarea": "Textarea",
            "answerTypeTextField": "Text-Field",
            "answerTypeSingleSelect": "Single-Select",
            "answerTypeMultiSelect": "Multi-Select",
            "messageCreateSuccess": "The question was created successfully!",
            "messageCreateSuccessAnswer": "The answer was created successfully erstellt!",
            "helpTextType": ""
        },
        "detail": {
            "cancelButtonText": "Back",
            "saveButtonText": "Save"  
        },
        "order": {
            "cardTitle": "Survey result",
            "question": "Question",
            "answer": "Answer"
        },
        "result": {
            "orderNumber": "Order number",
            "customerName": "Customer",
            "surveyResult": "Survey result",
            "result": "Result of question ",
            "createdAt": "Date"
        }
    }
}