{
    "acris-cookie": {
        "general": {
            "mainMenuItemGeneral": "Cookies",
            "placeholderSearchBar": "Cookies durchsuchen",
            "description": "Zeigt die Cookies die für den Shop gefunden wurden"
        },
        "list": {
            "textHeadline": "Cookie Einstellungen",
            "buttonAdd": "Hinzufügen",
            "contextMenuEdit": "Bearbeiten",
            "contextMenuDelete": "Löschen",
            "columnCookieId": "Cookie-ID",
            "columnTitle": "Titel für Anzeige",
            "columnDescription": "Beschreibung für Anzeige",
            "columnCookieGroup": "Cookie-Gruppe",
            "providers": "Anbieter",
            "columnDefault": "System-Cookie",
            "columnActive": "freigegeben",
            "contentEmpty": "Es gibt keine Cookies",
            "textDeleteConfirm": "Möchten Sie das Cookie löschen",
            "modalTitleDelete": "Cookie löschen",
            "buttonCancel": "Abbrechen",
            "buttonDelete": "Löschen",
            "titleSidebarItemRefresh": "Aktualisieren"
        },
        "detail": {
            "textHeadline": "Cookie Einstellungen",
            "buttonCancel": "Abbrechen",
            "buttonSave": "Speichern",

            "cardSalesChannel": "Verkaufskanal",
            "fieldSalesChannel": "Wählen Sie den Verkaufskanal",
            "emptyCookieGroup": "Es gibt keine Cookie-Gruppen!",
            "fieldTitleLabelCardId": "Cookie-ID",
            "fieldTitlePlaceholderCardId": "Cookie-ID eingeben",
            "fieldTitleTooltipCardId": "Die Cookie-ID zur dient eindeutigen identifikation des Cookies.",
            "fieldActiveLabelCardId": "Aktiv",
            "fieldCookieGroupLabelCardId": "Cookie Gruppe:",
            "fieldCookieGroupPlaceholderCardId": "Cookie Gruppe auswählen",

            "fieldDescriptionPlaceholder": "Beschreibung einfügen",

            "fieldActiveLabel": "Aktiv",

            "cardDescription": "Beschreibung",
            "cardId": "Identifikation",
            "cardCustomerInformation": "Kundeninformationen",

            "fieldTitleLabelCustomerInformation": "Titel",
            "fieldTitlePlaceholderCustomerInformation": "Titel einfügen",
            "fieldProvidersLabelCustomerInformation": "Anbieter",
            "fieldProvidersPlaceholderCustomerInformation": "Anbieter einfügen",

            "SalesChannelFieldPlaceholder": "Vertriebskanal auswählen",
            "fieldDescriptionPlaceholderDescription": "Beschreibung einfügen",

            "notificationSaveErrorMessage": "Beim Speichern des Cookies ist ein Fehler aufgetreten.",
            "notificationSaveSuccessMessage": "Der Cookie wurde erfolgreich gespeichert.",
            "notificationSaveSuccessMessageTitle": "Erfolg",
            "notificationSaveErrorMessageTitle": "Error"
        }
    }
}
