{
    "acris-cookie": {
        "general": {
            "mainMenuItemGeneral": "Cookies",
            "placeholderSearchBar": "Search cookies",
            "description": "View cookies which had been found in the shop"
        },
        "list": {
            "textHeadline": "Cookie settings",
            "buttonAdd": "Add",
            "contextMenuEdit": "Edit",
            "buttonDelete": "Delete",
            "columnCookieId": "Cookie ID",
            "columnTitle": "Title",
            "columnCookieGroup": "Cookie Group",
            "providers": "Provider",
            "columnDefault": "Default",
            "columnActive": "Active",
            "columnDescription": "Description",
            "contentEmpty": "There are no cookies",
            "textDeleteConfirm": "Do you want to delete cookie",
            "modalTitleDelete": "Delete",
            "buttonCancel": "Cancel",
            "titleSidebarItemRefresh": "Refresh"
        },
        "detail": {
            "textHeadline": "Cookie settings",
            "buttonCancel": "Cancel",
            "buttonSave": "Save",

            "cardSalesChannel": "Sales Channel",
            "fieldSalesChannel": "Choose sale channel",
            "emptyCookieGroup": "There are no cookie groups!",
            "fieldTitleLabelCardId": "Cookie-ID",
            "fieldTitlePlaceholderCardId": "Insert cookie ID",
            "fieldTitleTooltipCardId": "The cookie ID is used to clearly identify the cookie.",
            "fieldActiveLabelCardId": "Active",
            "fieldCookieGroupLabelCardId": "Cookie group:",
            "fieldCookieGroupPlaceholderCardId": "Select cookie group",

            "SalesChannelFieldPlaceholder": "Select sales channel",
            "fieldDescriptionPlaceholder": "Insert description",

            "fieldActiveLabel": "Active",

            "cardDescription": "Description",
            "cardId": "Identification",
            "cardCustomerInformation": "Customer information",

            "fieldTitleLabelCustomerInformation": "Title",
            "fieldTitlePlaceholderCustomerInformation": "Insert title",
            "fieldProvidersLabelCustomerInformation": "Providers",
            "fieldProvidersPlaceholderCustomerInformation": "Insert providers",

            "fieldDescriptionPlaceholderDescription": "Insert description",

            "notificationSaveErrorMessage": "An error occurred on saving the cookie.",
            "notificationSaveSuccessMessage": "The cookie was saved successfully.",
            "notificationSaveSuccessMessageTitle": "Success",
            "notificationSaveErrorMessageTitle": "Error"
        }
    }
}
